courseenrolment_id,trainersfeedback,mentorsfeedback
1,Lorem Ipsum,Lorem Ipsum
2,Lorem Ipsum,Lorem Ipsum
3,Lorem Ipsum,Lorem Ipsum
4,Lorem Ipsum,Lorem Ipsum
5,Lorem Ipsum,Lorem Ipsum
6,Lorem Ipsum,Lorem Ipsum
7,Lorem Ipsum,Lorem Ipsum
8,Lorem Ipsum,Lorem Ipsum
9,Lorem Ipsum,Lorem Ipsum
10,Lorem Ipsum,Lorem Ipsum
11,Lorem Ipsum,Lorem Ipsum
12,Lorem Ipsum,Lorem Ipsum
13,Lorem Ipsum,Lorem Ipsum
14,Lorem Ipsum,Lorem Ipsum
15,Lorem Ipsum,Lorem Ipsum
16,Lorem Ipsum,Lorem Ipsum
17,Lorem Ipsum,Lorem Ipsum
18,Lorem Ipsum,Lorem Ipsum
19,Lorem Ipsum,Lorem Ipsum
20,Lorem Ipsum,Lorem Ipsum
21,Lorem Ipsum,Lorem Ipsum
22,Lorem Ipsum,Lorem Ipsum
23,Lorem Ipsum,Lorem Ipsum
24,Lorem Ipsum,Lorem Ipsum
25,Lorem Ipsum,Lorem Ipsum
26,Lorem Ipsum,Lorem Ipsum
27,Lorem Ipsum,Lorem Ipsum
28,Lorem Ipsum,Lorem Ipsum
29,Lorem Ipsum,Lorem Ipsum
30,Lorem Ipsum,Lorem Ipsum
31,Lorem Ipsum,Lorem Ipsum
32,Lorem Ipsum,Lorem Ipsum
33,Lorem Ipsum,Lorem Ipsum
34,Lorem Ipsum,Lorem Ipsum
35,Lorem Ipsum,Lorem Ipsum
36,Lorem Ipsum,Lorem Ipsum
37,Lorem Ipsum,Lorem Ipsum
38,Lorem Ipsum,Lorem Ipsum
39,Lorem Ipsum,Lorem Ipsum
40,Lorem Ipsum,Lorem Ipsum
41,Lorem Ipsum,Lorem Ipsum
42,Lorem Ipsum,Lorem Ipsum
43,Lorem Ipsum,Lorem Ipsum
44,Lorem Ipsum,Lorem Ipsum
45,Lorem Ipsum,Lorem Ipsum
46,Lorem Ipsum,Lorem Ipsum
47,Lorem Ipsum,Lorem Ipsum
48,Lorem Ipsum,Lorem Ipsum
49,Lorem Ipsum,Lorem Ipsum
50,Lorem Ipsum,Lorem Ipsum
51,Lorem Ipsum,Lorem Ipsum
52,Lorem Ipsum,Lorem Ipsum
53,Lorem Ipsum,Lorem Ipsum
54,Lorem Ipsum,Lorem Ipsum
55,Lorem Ipsum,Lorem Ipsum
56,Lorem Ipsum,Lorem Ipsum
57,Lorem Ipsum,Lorem Ipsum
58,Lorem Ipsum,Lorem Ipsum
59,Lorem Ipsum,Lorem Ipsum
60,Lorem Ipsum,Lorem Ipsum
61,Lorem Ipsum,Lorem Ipsum
62,Lorem Ipsum,Lorem Ipsum
63,Lorem Ipsum,Lorem Ipsum
64,Lorem Ipsum,Lorem Ipsum
65,Lorem Ipsum,Lorem Ipsum
66,Lorem Ipsum,Lorem Ipsum
67,Lorem Ipsum,Lorem Ipsum
68,Lorem Ipsum,Lorem Ipsum
69,Lorem Ipsum,Lorem Ipsum
70,Lorem Ipsum,Lorem Ipsum
